{
    "prepare_queue": {
        "installed": [],
        "uninstalled": []
    },
    "config_munge": {
        "files": {
            "res/xml/config.xml": {
                "parents": {
                    "/*": [
                        {
                            "xml": "<feature name=\"Whitelist\"><param name=\"android-package\" value=\"org.apache.cordova.whitelist.WhitelistPlugin\" /><param name=\"onload\" value=\"true\" /></feature>",
                            "count": 1
                        },
                        {
                            "xml": "<feature name=\"Battery\"><param name=\"android-package\" value=\"org.apache.cordova.batterystatus.BatteryListener\" /></feature>",
                            "count": 1
                        }
                    ]
                }
            }
        }
    },
    "installed_plugins": {
        "cordova-plugin-whitelist": {
            "PACKAGE_NAME": "io.cordova.hellocordova"
        },
        "cordova-plugin-battery-status": {
            "PACKAGE_NAME": "io.cordova.hellocordova"
        }
    },
    "dependent_plugins": {},
    "modules": [
        {
            "file": "plugins/cordova-plugin-whitelist/whitelist.js",
            "id": "cordova-plugin-whitelist.whitelist",
            "runs": true
        },
        {
            "file": "plugins/cordova-plugin-battery-status/www/battery.js",
            "id": "cordova-plugin-battery-status.battery",
            "clobbers": [
                "navigator.battery"
            ]
        }
    ],
    "plugin_metadata": {
        "cordova-plugin-whitelist": "1.2.1",
        "cordova-plugin-battery-status": "1.1.1"
    }
}